Brooks,Medical,41-507153-271462-3,surgeon
Zachariah,Medical,89-164069-600583-9,surgeon
Juana,Medical,34-944552-052933-7,surgeon
Rasheed,NULP,80-358591-410967-2,dentist
Emery,LNU,00-673310-228784-4,surgeon
Helene,NULP,96-250668-489676-6,surgeon
Rosie,Medical,28-062735-891214-6,orthodontist
Ila,Medical,86-907705-134914-8,dentist
Georgette,LNU,85-094706-341572-6,dentist
Toy,LNU,29-267739-939903-1,orthodontist
Lorenz,LNU,91-780840-376336-8,surgeon
Nestor,LNU,40-836072-869353-8,dentist
Werner,Medical,90-448847-344215-4,orthodontist
Dortha,Medical,49-692116-055959-5,dentist
Jamal,LNU,33-551498-588718-7,orthodontist
Mckenna,LNU,89-209227-685059-9,orthodontist
Bulah,NULP,29-937143-734734-2,dentist
Howell,LNU,06-115034-206165-1,dentist
Johnnie,LNU,99-440379-845616-0,dentist
Rylee,NULP,95-358940-092856-9,orthodontist
Karley,Medical,42-821315-933782-6,dentist
Tatyana,Medical,30-025642-354252-6,orthodontist
Augusta,Medical,58-276160-850573-4,orthodontist
Nicholas,LNU,15-849172-707564-1,dentist
Dianna,NULP,41-870446-981521-4,orthodontist
Darius,Medical,14-307263-642282-3,orthodontist
Zion,LNU,70-609277-718123-5,orthodontist
Korbin,NULP,13-221707-083635-9,dentist
Fleta,LNU,15-199427-103998-5,dentist
Alan,Medical,05-452419-082352-0,dentist
Jacky,Medical,90-228791-439920-1,surgeon
Alberto,NULP,34-739668-487771-9,surgeon
Camden,NULP,31-737698-915675-9,surgeon
Deshaun,Medical,03-288824-029658-2,orthodontist
Mike,NULP,58-369585-136659-3,dentist
Timmy,LNU,07-751945-535859-5,dentist
Gregoria,Medical,86-931739-739121-8,dentist
Celestino,Medical,36-887987-096626-7,dentist
Gerald,Medical,97-235026-006496-2,surgeon
Estrella,NULP,53-999787-169067-0,surgeon
Tamara,NULP,98-568911-978860-1,dentist
Jammie,Medical,62-634944-886911-0,orthodontist
Destany,LNU,03-965668-914871-0,dentist
Colin,Medical,97-092717-624178-4,orthodontist
Sage,Medical,48-760736-399103-9,dentist
Rosina,Medical,27-038206-023061-7,orthodontist
Ayden,NULP,06-854861-594046-4,dentist
Maureen,NULP,12-104069-575582-7,orthodontist
Rosa,Medical,21-497259-132501-6,orthodontist
Chyna,LNU,75-355857-536787-1,dentist
Dillon,LNU,69-623744-641967-0,dentist
Claudie,Medical,13-744170-868010-5,dentist
Anne,LNU,53-383775-843555-7,dentist
Arlo,Medical,33-849224-781736-6,dentist
Harry,NULP,84-911995-111892-9,dentist
Aileen,NULP,99-778302-059280-0,orthodontist
Gilbert,LNU,75-807488-108063-3,surgeon
Justen,Medical,60-865586-571596-2,surgeon
Lacy,NULP,79-903333-068844-7,surgeon
Margaretta,Medical,27-926664-783164-4,dentist
Berneice,Medical,35-482713-527579-8,dentist
Dorthy,NULP,16-145141-445530-3,dentist
Ciara,LNU,72-753371-546351-1,surgeon
Ford,Medical,98-716010-322008-2,orthodontist
Madelynn,LNU,26-608160-311831-5,dentist
Clifford,LNU,83-909757-000434-4,orthodontist
Kenny,LNU,45-118106-733760-2,orthodontist
Brennon,Medical,90-822748-661822-8,orthodontist
Bridie,LNU,32-629168-357036-2,orthodontist
Vicente,LNU,50-230592-930635-1,surgeon
Erica,NULP,59-864848-293395-3,surgeon
Thelma,LNU,56-071209-629693-6,dentist
Xander,Medical,24-967202-435753-2,dentist
Isai,NULP,00-360513-581447-6,orthodontist
Lukas,NULP,86-063075-640935-8,orthodontist
Marjolaine,Medical,15-125352-887376-5,dentist
Berneice,LNU,71-742184-444195-8,dentist
Lawrence,Medical,42-373248-024505-6,orthodontist
Norene,Medical,53-192836-732583-4,surgeon
Yadira,NULP,56-414614-363743-6,orthodontist
Eloisa,LNU,61-865666-514929-3,orthodontist
Shakira,LNU,38-786697-128714-6,dentist
Genevieve,LNU,76-481356-171598-0,dentist
Levi,Medical,06-117148-033955-0,dentist
Lance,LNU,64-706064-038503-8,dentist
Carole,Medical,98-865153-931307-8,dentist
Zoey,NULP,23-641383-773491-3,orthodontist
Griffin,LNU,09-380822-031583-6,surgeon
Audra,Medical,56-078435-921938-4,orthodontist
Willa,NULP,85-974101-290579-1,dentist
Geovany,Medical,48-826386-405672-1,surgeon
Nikolas,NULP,38-157867-457874-9,orthodontist
Kobe,Medical,35-610949-493020-8,surgeon
Tia,LNU,84-512861-984276-6,orthodontist
Yvonne,LNU,44-624190-511401-5,dentist
Electa,LNU,68-450622-184017-5,dentist
Oliver,NULP,95-184825-505359-8,dentist
Vito,Medical,60-068943-579223-3,dentist
Aliyah,NULP,24-694287-461930-4,orthodontist
Dewitt,NULP,50-195177-358023-6,orthodontist
Dorcas,Medical,55-974194-645177-4,dentist
Armando,Medical,60-036339-812039-0,dentist
Bella,NULP,96-190141-401754-7,surgeon
Casimir,LNU,63-586161-220265-3,dentist
Nathanael,Medical,87-324872-340871-1,surgeon
Rosalyn,LNU,58-523612-475572-2,surgeon
Jesus,LNU,57-531592-756565-2,orthodontist
Litzy,Medical,36-693046-450824-7,dentist
Abe,NULP,19-921536-480745-8,orthodontist
Skyla,Medical,10-907591-715916-4,orthodontist
Della,Medical,15-895904-134704-5,orthodontist
Christop,NULP,02-384381-555016-1,orthodontist
Justen,NULP,80-448877-851260-3,orthodontist
Heath,Medical,69-792482-724443-4,dentist
Merritt,Medical,46-648521-801151-8,dentist
Marietta,Medical,06-501391-735290-3,orthodontist
Izaiah,Medical,94-853240-821718-7,dentist
Yoshiko,Medical,20-357158-335491-0,surgeon
Ephraim,Medical,04-385739-195389-2,surgeon
William,NULP,11-289274-428747-0,dentist
Maxime,LNU,87-014037-507661-0,orthodontist
Garrett,Medical,40-915550-138744-2,orthodontist
Jerad,NULP,34-735060-032456-1,surgeon
Wendy,LNU,83-244844-545088-0,orthodontist
Karina,LNU,08-766811-719522-2,dentist
Chadrick,NULP,61-882694-470372-9,surgeon
Wilfredo,Medical,09-071352-519762-9,surgeon
Augustus,NULP,99-221081-527901-8,surgeon
Mercedes,Medical,46-645248-440028-8,orthodontist
Jodie,Medical,18-564142-970793-6,dentist
Lisandro,LNU,65-512816-954108-0,dentist
Maximo,NULP,35-449336-858046-9,orthodontist
Kariane,Medical,51-723230-156068-1,surgeon
Kacie,LNU,71-550520-484779-6,dentist
Cordia,Medical,82-717292-384480-5,dentist
Brice,LNU,00-091128-238378-3,dentist
Laurel,Medical,38-036083-084837-8,surgeon
Zoey,Medical,92-510020-769397-9,surgeon
Preston,LNU,06-935145-149816-1,surgeon
Jimmy,LNU,98-918785-579180-2,dentist
Luna,NULP,73-470438-817935-0,surgeon
Merl,NULP,45-641429-671504-0,surgeon
Edna,LNU,32-073646-328981-1,dentist
Mae,Medical,19-507589-436657-1,surgeon
Misael,Medical,49-695077-865853-1,orthodontist
Mya,LNU,23-524539-737668-0,surgeon
Stuart,NULP,75-790329-891452-4,orthodontist
Esperanza,LNU,87-585855-116021-4,orthodontist
Luz,NULP,39-936946-567504-7,dentist
Derrick,Medical,38-910681-935634-2,surgeon
Orlando,Medical,94-771937-309931-7,surgeon
Viviane,LNU,77-799681-994009-9,surgeon
Ernie,Medical,69-310259-137907-4,dentist
Jewell,LNU,23-679925-684469-0,surgeon
Floy,NULP,54-656037-144676-0,orthodontist
Raleigh,NULP,05-366088-769406-2,dentist
Dannie,Medical,36-671543-473632-9,dentist
Coralie,LNU,20-203748-108064-4,orthodontist
Jerrold,Medical,79-710788-600304-5,orthodontist
Julie,NULP,28-096415-352664-3,orthodontist
Nikki,Medical,54-213249-009812-2,surgeon
Belle,Medical,71-238288-851718-3,orthodontist
Hailey,NULP,17-073617-754729-9,surgeon
Melba,NULP,72-340472-563053-7,orthodontist
Kareem,NULP,15-871798-457328-6,orthodontist
Nikita,Medical,10-847812-325971-4,surgeon
Alysa,NULP,76-290485-255414-7,surgeon
Jana,LNU,57-448439-613826-7,orthodontist
Justice,LNU,29-632195-447509-4,dentist
Kim,NULP,41-924371-804304-6,orthodontist
Faye,Medical,14-225824-927787-5,dentist
Prudence,Medical,42-160776-110238-6,orthodontist
Lawson,Medical,92-534248-139867-3,orthodontist
Guido,NULP,68-045811-281699-3,surgeon
Eunice,Medical,59-456169-698639-0,surgeon
Derrick,LNU,84-779032-493288-1,dentist
London,NULP,50-804480-378054-8,dentist
Glenda,NULP,65-427099-533437-0,dentist
Lewis,Medical,08-062088-107616-8,surgeon
Jared,NULP,09-870323-008078-2,dentist
Rafael,Medical,15-138202-990019-7,orthodontist
Guillermo,NULP,53-439171-933931-7,surgeon
Sammie,NULP,06-375767-757103-5,dentist
Royal,LNU,28-658254-010592-3,orthodontist
Arlo,NULP,08-529889-216744-4,orthodontist
Franco,NULP,28-544475-625962-4,dentist
Tierra,Medical,23-446329-494948-0,dentist
Karli,Medical,65-612489-913398-2,orthodontist
Jarvis,NULP,28-933533-394142-7,dentist
Madeline,NULP,87-080930-516222-5,orthodontist
Elvis,LNU,79-464742-106956-6,dentist
Allene,LNU,99-717534-429254-0,orthodontist
Sterling,LNU,09-806076-869023-9,dentist
Tyra,NULP,53-217477-878722-6,dentist
Jewell,Medical,78-874873-903688-9,surgeon
Nia,NULP,63-165958-653232-7,orthodontist
Danial,LNU,91-541116-159772-2,dentist
Morgan,Medical,23-004408-722471-3,orthodontist
Milo,LNU,36-508752-967047-9,orthodontist
Jonas,NULP,58-022199-763601-4,orthodontist
Dawson,Medical,11-782324-698711-4,dentist
Alycia,LNU,73-455714-486614-4,orthodontist
Hyman,NULP,72-242742-601432-2,dentist
Lue,NULP,36-381878-711753-6,orthodontist
Eda,Medical,05-947317-515670-1,dentist
Jayson,NULP,18-884976-833031-2,dentist
Gladyce,Medical,00-697577-291731-3,dentist
Carmine,NULP,09-038010-224591-4,orthodontist
Delphine,LNU,99-868218-428099-7,dentist
Humberto,NULP,45-470852-216206-3,orthodontist
Eliza,NULP,72-103365-600299-4,surgeon
Junior,LNU,05-069035-667543-6,dentist
Amie,Medical,19-251178-315307-9,surgeon
Sadye,LNU,62-532655-082058-7,dentist
Dwight,Medical,26-081778-243013-8,orthodontist
Anderson,NULP,19-391238-696875-7,surgeon
Fredy,Medical,94-607155-376647-6,orthodontist
Durward,Medical,37-763858-896289-6,surgeon
Edythe,NULP,15-792014-382560-2,orthodontist
Dayana,NULP,78-235892-642694-7,surgeon
Giuseppe,NULP,08-452271-569486-7,orthodontist
Fatima,NULP,91-242532-529911-9,dentist
Nedra,Medical,07-381272-881315-5,surgeon
Rahul,LNU,07-462874-665826-8,surgeon
Isobel,NULP,13-067317-416951-3,dentist
Blaise,LNU,63-010459-875093-1,orthodontist
Magnus,LNU,06-925316-639164-2,orthodontist
Keeley,LNU,59-996548-470556-2,surgeon
Ian,NULP,03-044204-282903-4,orthodontist
Odie,NULP,28-307343-416354-4,surgeon
Trystan,NULP,04-011135-057070-8,orthodontist
Josianne,Medical,38-846947-715878-5,surgeon
Rebeka,Medical,24-745202-186167-5,orthodontist
Larissa,LNU,97-182887-052125-8,orthodontist
Cooper,Medical,57-881689-570302-4,orthodontist
Elias,Medical,54-256273-277630-1,dentist
Loyce,LNU,63-985870-106719-1,dentist
Libby,NULP,06-211698-684540-1,surgeon
Arvel,NULP,88-315636-904504-4,orthodontist
Virginie,Medical,46-543389-577277-1,dentist
Caesar,LNU,10-502379-582506-2,orthodontist
Esta,Medical,36-363728-284413-3,dentist
Berniece,NULP,98-173344-524335-4,surgeon
Myra,Medical,33-676322-688808-7,dentist
Vernice,Medical,80-853603-917899-8,orthodontist
Estell,NULP,59-212443-438950-0,orthodontist
Skye,Medical,26-033315-850308-6,orthodontist
Heather,Medical,67-376545-221357-6,dentist
Jameson,LNU,99-900071-336291-4,orthodontist
Murl,LNU,71-020088-886290-8,surgeon
Dixie,NULP,81-610464-557750-7,surgeon
Akeem,LNU,45-687981-481283-6,orthodontist
Uriah,Medical,15-258199-418976-4,orthodontist
Elva,LNU,10-837295-666457-1,orthodontist
Tod,Medical,25-769356-762858-3,orthodontist
Raul,NULP,83-375059-908146-3,orthodontist
Davin,LNU,62-209673-439926-0,surgeon
Fannie,LNU,09-169209-672893-0,orthodontist
Lonnie,Medical,70-528962-075351-4,surgeon
Annabelle,LNU,54-711916-672752-7,dentist
Wiley,Medical,03-612207-522852-8,surgeon
Judson,NULP,02-326404-731056-5,surgeon
Camden,NULP,75-210212-021133-3,surgeon
Gerda,NULP,07-888397-352692-0,orthodontist
Micheal,LNU,47-746154-653988-1,surgeon
Eldon,LNU,28-536333-215254-3,surgeon
Verona,Medical,11-909722-750071-1,surgeon
Keven,Medical,67-863124-296638-3,dentist
Clifford,LNU,06-941192-821177-7,dentist
Aliyah,Medical,10-409014-870416-2,surgeon
Savion,LNU,27-605627-959612-5,dentist
Cruz,LNU,73-828530-317679-2,dentist
Oliver,LNU,24-315316-850284-1,dentist
Ole,LNU,56-420842-349486-0,surgeon
Marlon,Medical,67-017538-851036-3,orthodontist
Jody,NULP,55-958776-129277-1,dentist
Chase,Medical,60-936757-149565-2,dentist
Elva,Medical,36-823266-381185-4,dentist
Malinda,LNU,57-761680-508903-0,surgeon
Euna,Medical,91-506717-914754-4,orthodontist
Nels,LNU,33-204797-845958-4,orthodontist
Connor,NULP,49-718720-669724-0,orthodontist
Fannie,LNU,23-976117-978518-3,dentist
Montana,NULP,56-563424-357576-1,surgeon
Dayna,LNU,17-312481-923346-0,dentist
Aracely,LNU,72-301331-389645-7,orthodontist
Guiseppe,NULP,53-397189-422402-9,surgeon
Aglae,Medical,32-990590-258617-5,surgeon
Desmond,Medical,47-359130-829400-4,surgeon
Shayne,Medical,66-722744-280743-7,orthodontist
Giovani,NULP,09-547014-517851-4,surgeon
Carson,NULP,95-391579-318939-6,surgeon
Janis,LNU,05-357386-161281-2,dentist
Henri,Medical,22-694603-758903-5,surgeon
Adele,Medical,13-767721-955037-4,dentist
Johnson,LNU,95-980862-898130-7,dentist
Stefan,LNU,18-535457-263414-3,dentist
Ewell,Medical,40-833938-816700-9,dentist
Adriel,NULP,08-885395-626867-3,dentist
Addie,Medical,67-014308-318267-2,orthodontist
Cole,LNU,77-748175-485285-6,surgeon
Stephon,Medical,78-160107-227911-0,surgeon
Savannah,NULP,83-211407-958261-8,dentist
Kylie,LNU,47-019769-044551-0,surgeon
August,LNU,81-144541-665601-1,dentist
Wallace,LNU,03-832564-459837-4,surgeon
Chris,LNU,76-179097-211749-8,orthodontist
Emile,Medical,18-205166-544582-4,dentist
Robyn,LNU,16-586162-370136-0,dentist
Collin,Medical,13-394840-920778-4,surgeon
Lempi,LNU,85-510190-213475-0,orthodontist
Katelynn,NULP,67-722891-523933-8,surgeon
Antone,Medical,01-421652-772503-6,dentist
Leon,NULP,14-209300-445968-5,orthodontist
Niko,NULP,55-880176-361846-6,orthodontist
Kira,LNU,15-323144-599027-4,dentist
Erin,NULP,34-745697-887621-3,orthodontist
Aglae,NULP,71-002011-275208-3,dentist
Arch,NULP,74-310490-799252-5,dentist
Noemy,Medical,04-241196-576104-1,dentist
Jimmie,Medical,83-602522-829422-6,surgeon
Adolphus,Medical,01-759472-666817-4,orthodontist
Mauricio,Medical,00-279823-089548-1,orthodontist
Gayle,Medical,99-834753-701033-1,dentist
Katheryn,NULP,10-465138-251594-3,dentist
Bria,Medical,31-395715-510418-8,dentist
Jaiden,Medical,55-407066-731000-0,orthodontist
Marlon,Medical,08-811649-796467-5,surgeon
Alena,NULP,13-712766-932335-1,surgeon
Zena,Medical,01-564143-380041-8,dentist
Doris,LNU,87-370243-948999-3,surgeon
Chance,Medical,92-032286-737218-2,orthodontist
Alda,Medical,15-603955-441823-6,orthodontist
Bradford,LNU,01-176020-367510-9,surgeon
Vivianne,LNU,96-238934-089948-6,dentist
Mathew,LNU,00-024983-480477-8,surgeon
Esther,NULP,55-950547-814624-7,dentist
Novella,LNU,02-834754-486528-3,dentist
Ellis,NULP,94-323056-646655-6,surgeon
Angelita,LNU,17-120349-804235-0,orthodontist
Emmanuel,Medical,48-143034-659309-5,dentist
Norberto,LNU,62-726759-184823-7,orthodontist
Melisa,Medical,79-723109-351843-7,surgeon
Gerard,Medical,76-662840-085850-4,orthodontist
Faye,Medical,48-228249-974021-6,surgeon
Santino,Medical,38-281685-758381-6,surgeon
Carleton,LNU,71-242741-124560-2,orthodontist
Zetta,NULP,32-175966-689230-5,surgeon
Osbaldo,Medical,68-501615-512439-7,orthodontist
Glenna,LNU,49-742040-356582-3,dentist
Marc,NULP,43-800638-916599-3,orthodontist
Helena,NULP,62-760154-900061-8,surgeon
Kyle,LNU,01-696017-181455-8,surgeon
Eden,Medical,69-246311-710772-5,surgeon
Zora,Medical,60-532466-558284-0,orthodontist
Izabella,NULP,12-065307-004681-9,orthodontist
Kallie,Medical,24-825721-354586-4,dentist
Durward,LNU,52-849379-047081-9,orthodontist
Houston,Medical,21-065295-144043-1,orthodontist
Jamie,NULP,41-908054-909853-8,surgeon
Michale,Medical,43-808072-210100-7,dentist
Bobbie,NULP,63-735094-518981-9,surgeon
Skylar,NULP,93-982402-235918-5,orthodontist
Orville,LNU,11-722211-086987-2,orthodontist
Jovan,LNU,39-912030-511208-3,orthodontist
Neoma,Medical,25-028089-568843-5,orthodontist
Kiera,LNU,52-500133-200947-5,dentist
Letha,Medical,58-703194-369765-2,dentist
Dejah,Medical,11-799504-088441-4,dentist
Sheldon,NULP,16-505550-940159-7,surgeon
Candice,LNU,96-778589-816650-6,surgeon
Adrianna,Medical,81-919850-267693-8,dentist
Alison,NULP,91-510006-718207-3,orthodontist
Virginia,LNU,06-383841-639888-8,dentist
Lizzie,LNU,82-034670-303444-2,surgeon
Brennon,Medical,64-941377-013311-6,surgeon
Trystan,NULP,11-479256-668397-0,surgeon
Isac,LNU,90-677800-409377-5,orthodontist
Zakary,LNU,30-839230-113761-8,dentist
Theo,Medical,80-370168-245827-0,dentist
Anya,Medical,03-915826-666089-4,dentist
Arch,Medical,13-197061-099456-4,dentist
Johnson,LNU,01-271547-445498-9,orthodontist
Titus,NULP,19-238673-847033-6,dentist
Brando,Medical,27-703416-881349-6,surgeon
Kirk,NULP,34-436823-057538-9,surgeon
Ellis,LNU,90-563913-180433-9,surgeon
Marielle,Medical,31-962146-847278-1,surgeon
Ignatius,NULP,00-390057-813141-7,orthodontist
Edna,Medical,94-185888-676911-9,surgeon
Lilliana,Medical,26-343879-718762-6,surgeon
Noelia,Medical,64-436331-666893-2,orthodontist
Ivory,Medical,82-291919-025495-0,orthodontist
Roman,NULP,14-473968-345690-9,dentist
Armando,NULP,48-870174-137192-0,surgeon
Rita,LNU,74-752666-952811-1,surgeon
Ines,Medical,29-033347-609518-1,dentist
Melyna,Medical,57-160231-490204-2,surgeon
Hope,LNU,87-986718-739040-6,surgeon
Marcia,NULP,42-296981-758797-1,surgeon